{
    "vcs_id": 1113,
    "year_start": 1999,
    "year_project": 2011,
    "year_end": 2020,
    "covariates": [
        "RATE_FOREST_AREA_LOSS_BUFFER_ANL",
        "DIST_TO_ROAD",
        "ELEVATION"
    ],
    "git_hash": "68b0548e6d68b74a2f211ac633ee27e6bc8382fe",
    "baseline_ratio_scm": 0.235,
    "baseline_ratio_rrd": 0.731,
    "annual_deforestation_rate_pa_prj": [
        0.0,
        0.001106,
        0.0004424,
        0.0,
        0.0002212,
        0.0006636,
        0.0002212,
        0.0002212,
        0.0002212,
        0.0006636,
        0.0004424,
        0.0006636,
        0.0008848,
        0.0017695,
        0.0024331,
        0.0006636,
        0.0004424,
        0.0006636,
        0.0017695,
        0.0008848,
        0.0015483
    ],
    "annual_deforestation_rate_pa_baseline": [
        0.0002602,
        0.0004117,
        0.0003138,
        0.0003602,
        0.0003551,
        0.000461,
        0.0002751,
        0.0004175,
        0.0002106,
        0.0004813,
        0.0004959,
        0.0004943,
        0.0004345,
        0.0007127,
        0.0009617,
        0.0009296,
        0.001664,
        0.001955,
        0.0016491,
        0.0040703,
        0.0053064
    ],
    "annual_deforestation_rate_car": [
        0.0004676,
        0.0005335,
        0.0007863,
        0.0013614,
        0.0006339,
        0.0007136,
        0.0005889,
        0.0005473,
        0.0005023,
        0.0004295,
        0.0005023,
        0.0005369,
        0.000672,
        0.0007378,
        0.000814,
        0.0010288,
        0.0011327,
        0.0014791,
        0.0016662,
        0.002747,
        0.0043993
    ],
    "annual_deforestation_rate_rrd": [
        0.0099737,
        0.0096871,
        0.0156789,
        0.0150512,
        0.0101297,
        0.0101333,
        0.0069569,
        0.0054785,
        0.004878,
        0.0043955,
        0.0053098,
        0.0042358,
        0.0036971,
        0.0044644,
        0.0055293,
        0.0062621,
        0.0058721,
        0.0064798,
        0.0070549,
        0.0090032,
        0.0123483
    ],
    "annual_deforestation_rate_rrl": [
        0.0007916,
        0.000901,
        0.0009801,
        0.0013371,
        0.0013515,
        0.0011341,
        0.0008722,
        0.0009571,
        0.0008103,
        0.0009528,
        0.0011341,
        0.0010924,
        0.0008693,
        0.0011658,
        0.0012723,
        0.0009931,
        0.0013644,
        0.0014148,
        0.0014565,
        0.0021833,
        0.0037205
    ]
}